State,Type,Population,Sex Ratio,Median Age,Avg Temp,SVM,Toilets Avl,Water Purity,H Index,Female Population,# of hospitals,Foreign Visitors,Covid Cases
1,7,12442373,878,23,32,2,219,150,0.700439537,10924403,159,4408916,163115
15,7,11007835,858,27,30,2,215,196,0.920018232,9444722,148,2379169,80188
9,10,8436675,936,28,37,3,212,102,0.097085251,7896728,123,636502,141000
28,10,6809970,930,23,31,2,217,118,0.827744292,6333272,110,126078,55123
13,10,5570585,852,29,25,1,227,109,0.847941394,4746138,73,284973,33204
3,10,4681087,904,26,31,3,210,179,0.536995001,4231703,67,4684707,145606
30,17,4646732,912,26,30,2,145,177,0.093450729,4237820,55,4684707,145606
24,10,4486679,945,26,37,2,96,150,0.473584664,4239912,82,1489500,44957
13,10,4467797,906,27,26,2,96,150,0.809333658,3797627,98,284973,23432
1,10,3124458,906,29,29,2,96,150,0.445902445,2743274,50,4408916,218502
26,10,3046163,871,26,32,3,128,172,0.889894941,2653208,61,1475311,14001
20,10,2817105,882,24,33,3,123,176,0.4647456,2484687,58,3104060,37220
18,5,2800000,919,25,34,1,116,142,0.815465762,2573200,56,421365,15764
20,10,2765348,861,26,29,3,135,122,0.053146962,2380965,94,3104060,22413
1,10,2405665,878,26,35,2,100,136,0.01073014,2112174,52,4408916,44700
18,10,1964086,929,26,37,2,149,172,0.88434448,1824636,76,421365,15764
1,10,1841488,878,26,32,1,119,199,0.727836011,1616826,90,4408916,150793
18,10,1798218,926,26,35,1,113,185,0.333171309,1665150,72,421365,12446
21,10,1728128,891,26,26,3,119,125,0.64150105,1539762,51,237854,21374
1,10,1727692,872,26,36,3,108,195,0.438329658,1506547,93,4408916,24402
14,10,1684222,925,26,34,1,142,117,0.377561852,1557905,62,923737,23610
13,10,1670806,840,26,29,1,112,156,0.263219465,1403477,91,284973,9439
20,10,1648643,872,26,36,2,122,155,0.852212709,1437617,72,3104060,10219
25,10,1618879,869,25,28,3,131,180,0.556510055,1406806,73,242367,12847
20,10,1585704,875,25,34,1,124,115,0.152533877,1387491,99,3104060,3834
1,10,1486053,872,23,36,3,122,170,0.17258441,1295838,66,4408916,50341
33,10,1456528,895,29,29,2,144,134,0.54150706,1303593,59,167785,12365
31,10,1414050,842,27,32,1,127,200,0.326206428,1190630,59,303118,15003
20,10,1305429,889,29,25,3,100,150,0.497069191,291001,42,1457945,6092
13,10,1286678,848,23,28,3,129,150,0.497069191,291001,42,1457945,6250
1,10,1247327,871,23,38,1,144,150,0.497069191,291001,42,1457945,20018
1,10,1222390,876,23,33,3,140,150,0.497069191,291001,42,1457945,20133
20,10,1201815,861,25,36,2,121,150,0.497069191,291001,42,1457945,10287
17,10,1180570,905,23,15,1,115,150,0.497069191,291001,42,1457945,11243
1,10,1175116,887,26,40,3,139,150,0.497069191,291001,42,1457945,3201
33,10,1162472,910,28,38,1,145,150,0.497069191,291001,42,1457945,3702
25,10,1132383,869,24,34,1,111,129,0.14169585,984041,62,242367,5840
1,10,1120547,880,26,36,1,114,163,0.399270809,986081,87,4408916,22861
20,10,1112544,876,28,26,3,150,118,0.944010539,974589,75,3104060,24507
24,10,1077075,954,23,39,1,117,114,0.73123365,1027530,54,1489500,14726
18,10,1069276,925,28,39,1,116,197,0.961352237,989080,68,421365,7089
18,10,1055525,920,29,27,1,138,106,0.005168424,971083,74,421365,5683
3,10,1050721,917,28,34,3,124,156,0.502560127,963511,69,4684707,20839
21,10,1034358,914,23,37,1,104,117,0.622070603,945403,65,237854,21005
26,10,1033918,873,24,27,2,124,174,0.592847814,902610,76,1475311,14249
2,10,1028667,818,25,30,1,147,126,0.055718449,841450,56,29538,7292
3,10,310283,901,25,32,1,131,119,0.695843371,917096,89,4684707,15118
5,10,310283,970,29,29,2,113,200,0.752301306,979784,60,6394,19525
16,1,310283,887,29,5,1,102,141,0.168740872,849171,50,24720,10280
1,1,310283,873,25,26,3,146,189,0.628417717,830710,96,4408916,25127
9,1,310283,940,29,32,2,117,153,0.675203936,887161,86,636502,10895
9,1,310283,924,27,37,2,149,147,0.9991392,850588,52,636502,9971
3,1,310283,915,27,30,2,141,155,0.601828658,838757,51,4684707,8540
20,1,310283,880,25,39,3,116,192,0.133169727,790387,61,3104060,8139
1,8,892483,877,28,30,2,123,149,0.18161671,782708,63,4408916,3201
20,1,889810,881,24,36,3,144,123,0.534603992,783923,80,3104060,6031
3,1,877778,913,28,31,3,113,150,0.497069191,291001,86,4684707,4066
31,1,876824,823,29,31,1,149,150,0.497069191,291001,63,303118,9537
20,1,872575,883,28,31,3,132,150,0.497069191,291001,55,3104060,6480
25,1,862196,884,25,31,2,146,150,0.497069191,291001,87,242367,8783
27,1,837737,946,28,31,2,148,150,0.497069191,291001,74,66971,10586
3,1,831038,906,23,27,3,128,150,0.497069191,291001,61,4684707,13590
28,1,830281,929,24,39,1,147,150,0.497069191,291001,74,126078,8911
1,1,814655,880,24,26,1,116,150,0.497069191,291001,70,4408916,8440
1,1,798514,882,27,33,1,147,150,0.497069191,291001,54,4408916,34227
26,1,743556,853,29,25,2,132,150,0.497069191,291001,56,1475311,7067
21,1,743354,915,28,34,2,108,150,0.497069191,291001,56,237854,10239
1,1,711329,869,29,40,2,112,150,0.497069191,291001,63,4408916,10071
20,1,703345,890,24,39,1,120,150,0.497069191,291001,82,3104060,5514
20,1,671048,880,26,31,3,150,150,0.497069191,291001,63,3104060,12294
26,1,647804,877,24,26,3,123,161,0.25755712,568124,51,1475311,5054
1,1,646801,878,25,34,1,102,176,0.870680955,567891,78,4408916,7172
20,1,642381,885,25,25,1,114,108,0.615857463,568507,77,3104060,8842
33,1,631364,900,27,29,3,140,132,0.359799725,568228,63,167785,9711
5,1,625697,957,24,32,3,125,198,0.003074344,598792,78,6394,9179
27,1,606007,954,23,38,2,133,149,0.02441449,578131,85,66971,12265
20,1,603797,865,28,33,2,135,158,0.575803058,522284,59,3104060,1996
22,1,601574,971,29,31,1,140,177,0.401893501,584128,50,977479,11254
21,1,600869,906,25,33,2,133,107,0.272163828,544387,53,237854,9052
13,1,593768,846,24,28,1,117,166,0.679264465,502328,81,284973,3317
11,1,578420,835,25,6,1,111,184,0.264985086,482981,91,105882,6391
24,1,566937,958,25,26,2,130,150,0.480555467,543126,54,1489500,9572
24,1,564491,955,28,26,1,133,125,0.882182598,539089,71,1489500,10687
27,1,552734,953,29,27,1,109,181,0.456825432,526756,77,66971,11045
1,1,550564,877,28,25,3,102,114,0.088904518,482845,66,4408916,10652
1,1,549283,891,25,26,3,142,191,0.806195868,489411,84,4408916,30609
26,1,542580,860,26,28,1,123,189,0.099481627,466619,75,1475311,4967
1,1,537149,879,24,29,3,105,107,0.097128659,472154,77,4408916,4937
9,1,532031,922,24,31,1,105,133,0.040144093,490533,68,636502,8843
13,1,529308,853,27,28,3,131,115,0.029569736,451500,74,284973,3807
18,1,515215,925,29,38,2,149,162,0.011545983,476574,61,421365,2095
20,1,512296,861,28,31,1,107,169,0.069470976,441087,54,3104060,9634
24,1,509709,957,24,25,3,106,102,0.294327972,487792,74,1489500,9179
20,1,507293,869,27,30,2,129,112,0.642546032,440838,80,3104060,5440
1,1,506937,880,28,39,1,123,124,0.812126419,446105,74,4408916,9846
17,1,503690,908,24,10,3,145,169,0.077831283,457351,53,58568,7697
1,1,502697,869,29,30,3,146,130,0.76211233,436844,84,4408916,10070
9,1,499486,931,28,28,3,120,102,0.018752724,465021,52,636502,10418
3,1,498129,915,23,27,2,140,138,0.562357893,455788,67,4684707,4205
9,1,488292,952,23,29,3,147,172,0.366751369,464854,100,636502,8751
3,1,478134,916,24,37,1,111,185,0.920626654,437971,78,4684707,8786
3,1,473637,907,29,32,3,110,125,0.871137461,429589,93,4684707,10774
1,1,471006,871,27,26,3,123,137,0.215542994,410246,85,4408916,9398
14,1,463454,917,23,30,2,107,170,0.558294608,424987,59,923737,8429
22,1,460468,959,30,29,3,104,159,0.422028789,441589,86,977479,19818
26,1,451735,877,28,37,1,117,149,0.161467595,396172,89,1475311,2648
21,1,443028,875,29,35,1,103,166,0.284010132,387650,63,237854,10140
9,1,435128,934,25,30,2,112,109,0.151582387,406410,70,636502,12486
22,1,432097,964,29,40,1,135,141,0.347997166,416542,52,977479,7682
24,1,429423,951,25,28,2,111,126,0.234101481,408381,51,1489500,9502
24,1,423806,957,23,27,1,128,152,0.319906376,405582,99,1489500,8797
21,1,419818,905,26,35,3,145,127,0.603840399,379935,99,237854,9403
33,1,413934,891,23,26,3,111,131,0.139153052,368815,91,167785,2774
24,1,410524,957,23,33,1,110,145,0.511487421,392871,89,1489500,8797
9,1,409644,944,26,32,1,137,182,0.980547014,386704,73,636502,9809
25,1,405164,886,26,38,2,142,129,0.556825583,358975,95,242367,7729
24,1,404991,950,26,29,2,130,136,0.161710394,384741,83,1489500,9871
10,1,399688,977,28,12,3,122,122,0.121407191,390495,64,34886,10933
14,1,398138,916,28,38,3,143,182,0.586616981,364694,81,923737,10250
20,1,392451,877,28,26,1,135,122,0.807069876,344180,66,3104060,3103
24,1,390467,959,29,33,1,123,186,0.727131021,374458,76,1489500,11114
24,1,383522,947,27,30,1,103,139,0.275123563,363195,50,1489500,10218
1,1,382754,870,24,33,1,119,128,0.50896019,332996,85,4408916,11510
1,1,376093,889,24,39,3,112,176,0.339471562,334347,54,4408916,10233
21,1,374260,890,25,27,3,106,141,0.261376403,333091,58,237854,8891
31,1,373133,846,25,28,2,108,180,0.365817445,315671,91,303118,3798
18,1,370296,912,25,28,1,136,134,0.938754222,337710,69,421365,1410
5,1,363210,973,29,25,1,129,198,0.416205697,353403,79,6394,1285
26,1,360009,866,26,40,2,145,172,0.914421764,311768,64,1475311,2458
27,1,355823,945,27,28,3,134,130,0.2137728,336253,57,66971,10197
14,1,351838,920,29,26,1,139,174,0.694019105,323691,61,923737,10662
1,1,350905,893,27,30,3,150,166,0.214026619,313358,80,4408916,26912
20,1,349336,864,28,33,3,118,164,0.131378892,301826,58,3104060,2976
22,1,349033,971,28,29,2,147,134,0.607749333,338911,57,977479,6147
3,1,344701,923,23,39,1,146,160,0.995697622,318159,64,4684707,8484
21,1,343054,929,27,28,3,117,123,0.907662015,318697,99,237854,10024
24,1,336579,957,25,32,3,148,131,0.091818697,322106,52,1489500,9561
27,1,335761,947,27,40,1,102,194,0.458369828,317966,91,66971,3734
5,1,330106,966,28,32,1,126,140,0.896520952,318882,57,6394,449
20,1,327975,885,23,40,1,142,169,0.810274192,290258,61,3104060,4303
1,1,326789,870,29,34,1,148,134,0.282643924,284306,63,4408916,21674
9,1,326360,948,28,37,1,133,183,0.117496269,309389,96,636502,10608
21,1,325300,914,27,38,1,140,140,0.887895795,297324,81,237854,9862
20,1,325248,879,27,34,2,121,179,0.624177241,285893,75,3104060,4172
9,1,322428,953,24,40,2,103,192,0.964043467,307274,75,636502,9141
1,1,321036,869,28,34,3,145,155,0.482822256,278980,93,4408916,4697
13,1,320250,853,26,26,1,121,150,0.094579414,273173,82,284973,2081
22,1,315596,966,31,37,3,118,126,0.216642153,304866,62,977479,6235
26,1,315310,877,27,33,2,140,173,0.836760938,276527,59,1475311,8677
24,1,314638,961,26,40,1,124,199,0.906868166,302367,93,1489500,9985
24,1,313977,947,24,39,3,134,130,0.758839812,297336,59,1489500,9083
28,1,310467,936,23,37,3,149,132,0.799557124,290597,67,126078,4424
1,1,307191,874,23,33,2,143,128,0.091066222,268485,87,4408916,3811
9,1,305821,952,27,36,1,113,144,0.298385056,291001,42,636502,10272
28,1,305000,922,24,28,3,134,172,0.453650009,291001,42,126078,4316
31,9,301249,824,25,31,3,109,151,0.361736066,291001,42,303118,3315
4,1,300028,1031,28,26,1,117,121,0.112258889,291001,42,106153,11537
14,1,296889,927,26,25,1,108,125,0.51739398,291001,42,923737,9632
31,1,294150,829,27,29,1,119,146,0.732577745,243850,64,303118,5255
14,1,294116,914,25,29,1,150,115,0.544779975,268822,54,923737,9131
24,1,291972,961,23,34,1,113,135,0.213392295,280585,64,1489500,8833
19,1,291822,975,28,12,1,103,106,0.725949568,284526,73,798,887
18,1,289438,916,27,37,1,107,152,0.009473837,265125,79,421365,877
1,1,287570,888,24,26,2,137,166,0.938262064,255362,88,4408916,8517
31,1,286974,820,25,34,3,150,173,0.338757447,235319,83,1457945,4738
25,1,285813,875,26,31,1,138,152,0.736867736,250086,60,1457945,3630
1,1,285349,871,29,32,2,149,107,0.33216204,248539,86,1457945,5595
21,1,283648,911,26,37,1,129,195,0.365806506,258403,62,1457945,9465
24,1,283443,945,24,40,2,141,172,0.352218991,267854,73,1457945,9064
15,1,282598,866,27,40,2,105,103,0.867002953,244730,57,1457945,9343
14,1,280547,929,24,34,2,123,170,0.863391787,260628,51,1457945,8910
18,1,280248,921,25,40,3,116,185,0.840118675,258108,99,1457945,759
20,1,279060,890,29,35,1,139,117,0.483641367,248363,60,1457945,1958
31,1,277053,827,29,38,2,116,131,0.067259176,229123,86,1457945,5498
20,1,275750,890,24,28,1,117,114,0.342686439,245418,77,1457945,1652
5,1,268679,950,27,39,3,115,135,0.129244853,255245,92,1457945,10251
6,1,264986,981,27,9,3,150,101,0.292217408,259951,80,1457945,10585
18,1,264810,914,25,32,2,137,125,0.514864536,242036,73,1457945,1387
20,1,262801,867,23,33,3,150,105,0.950670483,227848,66,1457945,2040
14,1,261099,923,25,31,3,118,184,0.938506214,240994,84,1457945,9221
21,1,261004,882,24,39,1,140,105,0.327263915,230206,85,1457945,8459
28,1,260899,929,27,27,2,135,148,0.230800299,242375,95,1457945,6245
20,1,256838,885,27,27,1,104,183,0.110137057,227302,97,1457945,2887
1,1,254003,871,25,37,2,101,164,0.250935385,221237,99,1457945,8701
24,1,253625,951,27,33,3,139,151,0.202178576,241197,52,1457945,10261
26,1,252109,865,24,40,1,122,138,0.554875623,218074,57,1457945,3877
14,1,251136,928,24,31,2,101,112,0.301761472,233054,97,1457945,8901
15,1,249998,876,23,40,3,100,113,0.739131752,218998,68,1457945,8051
13,1,248705,870,29,30,3,119,107,0.264745632,216373,94,1457945,10082
24,1,248466,958,25,33,2,107,193,0.076656015,238030,78,1457945,9571
3,1,248059,905,29,28,2,141,187,0.052000098,224493,100,1457945,10488
4,1,241773,1042,24,25,3,118,187,0.637098865,251927,50,1457945,9995
26,1,237579,858,25,37,2,149,116,0.601350819,203843,63,1457945,2962
3,1,237374,915,24,25,2,116,184,0.962044678,217197,68,1457945,8776
18,1,235422,929,23,33,1,144,123,0.421181202,218707,72,1457945,1021
20,1,233691,861,28,33,2,130,118,0.510063094,201208,67,1457945,1945
9,1,232456,938,24,34,1,107,177,0.856074149,218044,80,1457945,9096
26,1,229956,863,24,34,1,116,132,0.366713555,198452,99,1457945,4459
28,1,229644,918,26,31,2,142,190,0.105798349,210813,77,1457945,9538
16,1,229136,901,26,8,2,106,193,0.714026806,206452,54,1457945,9361
11,1,228832,842,27,5,3,126,178,0.64380947,192677,93,1457945,5989
21,1,228025,894,28,32,3,124,155,0.456808987,203854,89,1457945,10003
21,1,225982,896,29,38,1,123,167,0.112821757,202480,94,1457945,10383
3,1,224849,911,28,27,1,129,188,0.632885329,204837,83,1457945,10193
26,1,224773,850,23,30,3,149,135,0.436803717,191057,83,1457945,7812
15,1,224666,850,23,38,2,148,112,0.138285393,190966,77,1457945,7812
33,1,223805,905,28,35,2,149,180,0.122320015,202544,78,1457945,10126
3,1,222943,907,25,30,3,144,177,0.365735379,202209,66,1457945,7906
20,1,222519,864,25,39,1,110,100,0.091452069,192256,95,1457945,2797
24,1,222240,947,26,39,3,120,173,0.855020561,210461,62,1457945,9840
18,1,221883,914,25,31,2,107,173,0.999111407,202801,83,1457945,571
20,1,220813,891,23,30,1,113,123,0.463428529,196744,79,1457945,1845
18,1,220257,922,27,33,3,100,197,0.175012139,203077,50,1457945,438
13,1,218095,866,26,37,3,124,113,0.646468197,188870,98,1457945,8997
28,1,217910,934,26,27,1,115,197,0.437541636,203528,74,1457945,9705
24,1,217900,955,26,38,3,110,111,0.754768842,208095,72,1457945,9923
31,1,216677,843,24,27,2,115,186,0.298301185,182659,99,1457945,2601
24,1,215514,951,26,28,2,119,150,0.662731398,204954,56,1457945,9881
3,1,215417,917,24,38,1,113,180,0.631001973,197537,74,1457945,8795
9,1,214373,922,25,31,2,102,137,0.917053409,197652,82,1457945,5261
14,1,213303,918,25,39,1,114,129,0.330908387,195812,72,1457945,9171
31,1,211355,839,27,36,3,135,135,0.239104648,177327,70,1457945,3632
18,1,210886,918,27,27,3,138,107,0.754046053,193593,79,1457945,595
27,1,210317,962,27,29,2,121,184,0.509143438,202325,79,1457945,10380
24,1,207604,961,29,31,3,150,161,0.333383886,199507,92,1457945,11137
3,1,207327,908,23,26,1,132,176,0.084296935,188253,50,1457945,7681
13,1,206167,845,29,35,1,127,129,0.715780327,174211,74,1457945,9792
9,1,206167,921,29,40,3,100,109,0.186327053,189880,87,1457945,10673
15,1,205596,874,28,27,1,102,197,0.316228501,179691,51,1457945,9779
24,1,205521,955,27,35,3,137,117,0.645689095,196273,92,1457945,5368
21,1,204746,925,29,33,3,132,181,0.431225417,189390,76,1457945,10720
33,1,203123,897,25,29,2,110,141,0.342547485,182201,92,1457945,1689
14,1,202352,926,27,38,1,138,113,0.672194787,187378,72,1457945,9991
24,1,200827,945,25,28,2,124,111,0.768494534,189782,58,1457945,9441
18,1,200738,923,24,32,3,125,193,0.89971729,185281,88,1457945,1121
21,1,200516,920,25,31,1,121,181,0.690845938,184475,99,1457945,9191
18,1,200482,922,26,28,1,119,156,0.66769474,184844,92,1457945,2220
20,1,198471,881,26,40,2,120,173,0.62484309,174853,51,1457945,2081
13,1,198282,852,26,38,1,104,105,0.894537729,168936,89,1457945,8852
18,1,197585,928,24,29,3,136,163,0.331701764,183359,53,1457945,677
15,1,197148,868,28,33,3,138,164,0.079795683,171124,95,1457945,9712
24,1,196127,945,25,37,1,148,191,0.955389347,185340,50,1457945,9441
31,1,196057,826,27,40,2,136,145,0.97770421,161943,99,1457945,8911
24,1,195223,958,29,29,2,150,105,0.228309896,187024,50,1457945,11103
31,1,195153,822,24,33,3,106,116,0.05375761,160416,72,1457945,7883
13,1,194947,871,26,39,3,116,152,0.809430893,169799,97,284973,9049
20,1,193193,871,25,33,1,138,112,0.378425177,168271,94,3104060,1692
20,1,191316,883,26,29,2,127,179,0.450255944,168932,96,3104060,9174
20,1,190400,882,23,29,2,134,150,0.173540312,167933,68,3104060,8107
21,1,189332,881,25,27,1,107,115,0.916722679,166801,58,237854,8801
1,1,187421,886,26,36,3,102,171,0.179527298,166055,89,4408916,9205
20,1,187137,891,27,30,1,122,161,0.843303917,166739,84,3104060,9613
20,1,186223,885,24,40,1,129,113,0.490878699,164807,84,3104060,2473
33,1,186139,906,27,35,1,113,195,0.044702906,168642,62,167785,9775
3,1,185803,923,26,33,3,130,129,0.304590584,171496,58,4684707,12234
13,1,184991,847,26,25,1,131,128,0.931718037,156687,97,284973,8800
24,1,183612,948,28,25,2,103,171,0.815231989,174064,63,1489500,10608
31,1,182534,825,27,40,3,148,119,0.936415732,150591,61,303118,8901
14,1,182429,913,26,34,2,140,185,0.158182706,166558,97,923737,9486
24,1,181842,948,26,32,2,118,167,0.038238772,172386,83,1489500,9850
15,1,181554,870,24,30,3,117,129,0.34608855,157952,90,2379169,8344
18,1,180935,935,29,38,1,145,168,0.806395008,169174,67,421365,428
20,1,180362,884,28,38,2,101,200,0.856761967,159440,86,3104060,4236
1,1,180020,885,23,30,3,96,150,0.397495664,159318,55,4408916,8134
18,1,179977,934,26,32,1,96,150,0.811957749,168099,74,421365,1450
13,1,177851,871,23,28,2,96,150,0.157503757,154908,95,284973,8005
20,1,177658,861,23,26,1,96,150,0.021112683,152964,55,3104060,2713
24,1,177259,948,28,38,1,96,150,0.199412527,168042,58,1489500,10608
22,1,174164,969,30,29,3,96,150,0.641694501,168765,75,977479,7308
22,1,172878,983,32,32,1,96,150,0.954123837,169939,65,977479,5611
21,1,169892,890,28,33,3,96,150,0.132712176,151204,91,237854,9958
23,1,169578,937,28,13,2,96,150,0.385515055,158895,85,406108,10485
21,1,166537,896,26,40,1,96,150,0.345380979,149217,88,237854,9309
9,1,165401,930,28,29,3,96,150,0.772812955,153823,83,636502,13751
14,1,164937,912,24,37,1,96,150,0.677035903,150423,68,923737,8747
21,1,163600,878,25,40,3,96,150,0.671401206,143641,80,237854,8771
28,1,158000,922,28,33,3,96,150,0.182836044,145676,79,126078,10317
3,5,157628,917,27,30,1,96,150,0.312736933,144545,67,4684707,7521
14,1,155175,907,24,35,1,96,150,0.592634985,140744,74,923737,8699
16,1,154296,916,23,15,2,96,150,0.312840722,141335,53,24720,8419
16,1,153889,917,29,13,3,112,131,0.941821289,141116,81,24720,10627
33,1,153599,911,27,31,1,139,115,0.823940718,139929,91,167785,9829
21,1,151835,888,23,36,3,125,174,0.006412195,134829,61,237854,8162
26,5,150298,874,29,27,2,115,134,0.515756997,131360,82,1475311,10128
24,5,149769,953,25,30,2,149,138,0.74954736,142730,63,1489500,9521
16,1,148496,882,25,9,1,103,115,0.945262526,130973,91,24720,8811
14,1,147396,918,26,32,3,144,169,0.036047587,135310,89,923737,9538
14,1,310283,926,27,25,1,124,133,0.49784633,136239,96,923737,9991
33,1,310283,903,23,26,2,113,146,0.090254618,129607,68,167785,8300
21,1,310283,890,27,39,2,142,127,0.928315027,126629,77,237854,9602
3,1,310283,919,28,28,1,134,133,0.678858476,128711,88,4684707,10283
16,1,310283,911,29,6,2,128,172,0.949643267,127221,55,24720,10557
14,1,310283,907,25,31,3,112,102,0.888308105,124321,83,923737,9061
21,1,310283,896,25,25,1,136,108,0.061380214,121559,55,237854,8951
14,1,310283,925,27,35,2,128,200,0.921276135,124374,87,923737,9980
14,1,132896,930,28,37,1,104,129,0.569425673,123593,59,923737,10406
33,1,132441,897,28,35,2,127,153,0.635264355,118800,51,167785,10036
16,1,126389,899,23,6,3,102,137,0.329886606,113624,52,24720,8263
21,1,126270,928,29,37,2,137,138,0.262276928,117179,52,237854,10754
21,1,125939,885,23,26,3,148,181,0.217714133,111456,77,237854,8134
14,1,125183,916,25,38,3,150,145,0.177767521,114668,67,923737,9151
25,9,122302,872,24,35,2,128,194,0.496103741,106647,100,242367,8363
21,1,121874,889,25,39,2,112,129,0.608428341,108346,96,237854,8881
33,1,120325,897,23,29,1,103,127,0.004921502,107932,71,167785,8244
21,1,118167,890,24,33,1,101,125,0.735504662,105169,99,237854,8536
25,1,117966,874,27,33,3,139,178,0.386768276,103102,62,242367,9430
3,1,116821,904,29,34,2,142,182,0.847106798,105606,71,4684707,10476
21,1,116250,902,26,28,1,134,184,0.45085725,104858,90,237854,9372
28,1,115250,917,25,31,2,144,150,0.774083237,105684,58,126078,3148
28,1,109891,937,23,35,2,140,110,0.021000408,102968,54,126078,8612
21,1,108171,899,23,29,3,116,178,0.684681386,97246,52,237854,8263
3,1,106714,916,26,36,3,141,143,0.896985855,97750,88,4684707,9517
14,1,105782,922,24,32,2,105,181,0.662749562,97531,62,923737,8843
14,1,105221,903,23,30,1,107,119,0.780508156,95015,74,923737,8300
20,1,104271,869,28,38,3,101,120,0.265044216,90611,84,3104060,4764
21,1,104000,895,24,26,2,145,174,0.794026337,93080,69,237854,8584
21,1,103906,879,29,37,3,125,188,0.650818141,91333,97,237854,10186
21,1,103000,875,28,29,3,120,169,0.518860049,90125,80,237854,9790
14,1,102591,916,27,29,3,109,108,0.816035195,93973,56,923737,9883
16,1,102505,904,29,8,2,104,110,0.510582405,92665,60,24720,10476
14,1,102456,919,28,33,2,145,156,0.2702193,94157,51,923737,10283
14,1,101520,903,25,31,2,122,130,0.430665285,91673,60,923737,27667
12,1,100286,889,23,31,1,103,170,0.120447913,89154,92,38479,8171
22,5,100058,963,29,36,2,59,170,0.957538679,96356,22,977479,2790
29,8,99984,876,29,31,3,90,148,0.8528719,87586,15,14674,2538
14,12,99979,901,28,32,2,96,104,0.704088944,90081,27,923737,2520
7,21,99677,982,30,29,2,99,126,0.730156535,97883,10,541480,2943
16,6,99448,915,25,8,2,96,184,0.264396623,90995,15,24720,2285
18,5,99329,923,27,33,1,96,178,0.753153719,91681,16,421365,2490
32,7,99039,926,25,11,3,92,109,0.948055328,91710,13,2769,1531
27,5,98238,906,26,31,2,99,108,0.85249311,93031,27,66971,2676
14,13,98029,906,26,31,2,75,172,0.769372595,89402,20,923737,2551
27,5,97730,906,26,31,3,56,153,0.480670073,92844,14,66971,2276
28,5,96877,906,26,31,2,92,131,0.251361715,89805,30,126078,2686
28,5,96470,906,26,31,3,70,143,0.652641642,89910,13,126078,2797
3,5,96253,906,26,31,1,87,116,0.424913996,88264,30,4684707,8990
1,8,95994,881,28,35,2,94,149,0.477545947,84571,10,4408916,2464
25,8,95553,878,24,28,2,53,141,0.609382026,83896,30,242367,2105
20,6,95516,861,24,27,3,56,176,0.727641216,82239,14,3104060,2064
3,5,95335,917,26,35,1,88,198,0.039670454,87422,15,4684707,2382
20,14,95246,872,24,37,3,90,193,0.504994059,83055,12,3104060,2091
21,5,95149,904,25,36,3,52,193,0.621372395,86015,27,237854,2258
3,5,95061,913,24,38,3,84,166,0.196965299,86791,28,4684707,2189
18,5,95012,926,24,34,2,83,173,0.339120437,87981,16,421365,2220
3,5,94453,923,23,40,3,66,189,0.425948408,87180,30,4684707,2121
7,21,94383,973,31,33,3,88,188,0.654063743,91835,18,541480,3014
1,8,92637,886,29,37,1,69,187,0.108214992,82076,30,4408916,2567
18,21,92518,935,24,38,3,70,118,0.394321081,86504,30,421365,947
18,21,92364,913,26,33,2,97,121,0.075472117,84328,25,421365,2372
25,8,91979,871,29,28,1,83,125,0.508608065,80114,17,242367,2523
26,21,91853,865,26,30,2,73,107,0.009398607,79453,15,1475311,2247
1,8,91379,885,25,35,1,88,156,0.623502899,80870,12,4408916,2210
28,21,310283,934,24,38,3,55,186,0.243639829,85329,27,126078,2240
20,6,310283,877,26,32,1,57,124,0.957250255,78978,20,3104060,1591
18,5,310283,917,23,37,2,92,116,0.184795505,82348,15,421365,358
9,3,310283,952,26,37,3,99,179,0.166082103,85316,11,636502,2473
21,5,310283,929,28,37,1,57,116,0.944237107,83080,15,237854,2599
1,21,310283,880,27,25,1,89,101,0.085675055,78110,16,4408916,2374
1,8,310283,887,28,35,1,95,129,0.079173227,78532,22,4408916,2481
20,6,310283,886,26,34,2,51,169,0.561185127,78442,18,3104060,2301
28,5,310283,936,27,30,3,69,197,0.874702855,82773,12,126078,1043
3,5,88430,918,29,27,3,62,178,0.028635293,81179,16,4684707,2660
20,6,88161,871,26,35,3,78,182,0.456915754,76788,15,3104060,2262
33,12,87867,902,26,37,3,52,147,0.903548749,79256,23,167785,2343
3,5,87722,902,28,25,2,91,103,0.263113014,79125,23,4684707,2523
22,5,87495,974,31,25,2,63,182,0.130208023,85220,24,977479,3017
14,12,87357,909,27,26,1,80,158,0.368509736,79408,18,923737,2452
14,21,87279,922,28,38,3,67,197,0.712490276,80471,29,923737,2579
21,5,87200,896,28,34,3,76,195,0.769452386,78131,10,237854,2506
13,5,87183,853,28,40,1,91,141,0.206604802,74367,18,284973,2386
4,5,86838,1036,26,25,1,100,150,0.497069191,291001,13,106153,1222
31,8,86770,843,26,31,3,87,150,0.497069191,291001,18,303118,2190
21,5,86519,924,23,37,1,68,150,0.497069191,291001,13,237854,2123
5,5,85650,961,23,38,2,66,150,0.497069191,291001,16,6394,2208
25,8,85435,894,27,37,3,72,150,0.497069191,291001,10,242367,1775
33,4,85075,899,29,36,2,88,150,0.497069191,291001,27,167785,2605
13,5,84545,864,23,30,1,70,150,0.497069191,291001,14,284973,1985
3,5,84321,902,28,30,3,61,150,0.497069191,291001,18,4684707,2523
18,5,84261,928,23,27,3,91,150,0.497069191,291001,17,421365,472
26,5,83846,865,29,40,2,91,150,0.497069191,291001,22,1475311,2506
13,5,83715,841,24,34,1,51,150,0.497069191,291001,14,284973,2016
25,8,83655,870,24,38,2,60,150,0.497069191,291001,15,242367,2086
25,8,82956,883,28,34,3,86,150,0.497069191,291001,13,242367,2470
21,5,82336,927,23,30,1,58,150,0.497069191,291001,14,237854,2130
5,5,82111,963,26,29,3,99,150,0.497069191,291001,26,6394,2502
18,5,81828,918,25,36,1,75,150,0.497069191,291001,28,421365,2293
26,5,81394,861,23,31,1,90,150,0.497069191,291001,11,1475311,1978
27,5,80625,953,26,39,3,55,150,0.497069191,291001,23,66971,4038
28,5,80315,938,26,33,1,57,150,0.497069191,291001,16,126078,2820
33,5,80154,891,25,36,3,57,150,0.497069191,291001,25,167785,2225
24,5,79885,945,27,35,2,50,150,0.497069191,291001,20,1489500,4025
28,5,79819,926,23,35,1,63,150,0.497069191,291001,30,126078,2128
9,3,79394,931,24,29,1,92,150,0.497069191,291001,29,636502,2232
9,3,79121,946,29,28,1,89,150,0.497069191,291001,18,636502,2741
18,5,79106,925,25,28,1,86,150,0.497069191,291001,15,421365,525
14,12,79021,921,24,30,2,100,150,0.497069191,291001,17,923737,2208
11,21,78805,835,23,11,1,85,150,0.497069191,291001,13,105882,1919
18,5,78624,923,26,31,2,73,150,0.497069191,291001,26,421365,779
33,16,78396,897,23,31,3,99,150,0.497069191,291001,26,167785,2061
3,5,78395,902,24,31,1,75,150,0.497069191,291001,27,4684707,2163
1,8,78387,871,25,33,3,69,150,0.497069191,291001,12,4408916,2175
25,8,77989,872,25,28,2,96,150,0.497069191,291001,13,242367,2600
28,5,77553,933,28,25,3,94,150,0.497069191,291001,30,126078,2610
25,8,76492,874,23,39,2,77,150,0.497069191,291001,22,242367,1277
13,5,76193,841,26,29,3,85,150,0.497069191,291001,27,284973,2184
9,3,76068,952,28,40,2,70,150,0.497069191,291001,15,636502,2663
21,5,75925,912,24,38,1,56,150,0.497069191,291001,27,237854,2187
13,5,75755,851,26,26,1,93,150,0.497069191,291001,17,284973,2210
25,8,75549,881,25,30,1,75,150,0.497069191,291001,10,242367,3598
22,5,75295,971,28,26,2,53,150,0.497069191,291001,26,977479,2716
8,5,74858,991,29,7,1,54,150,0.497069191,291001,26,8027,2871
31,8,74581,843,23,36,1,61,150,0.497069191,291001,22,303118,1937
25,8,74460,872,28,33,2,50,150,0.497069191,291001,14,242367,2439
9,3,74294,945,27,28,1,97,150,0.497069191,291001,16,636502,2549
1,8,73975,880,27,27,2,65,150,0.497069191,291001,22,4408916,2374
13,5,73928,849,28,35,3,92,150,0.497069191,291001,10,284973,2375
13,5,73774,860,25,38,1,91,150,0.497069191,291001,11,284973,2148
27,11,73625,949,25,30,3,96,150,0.497069191,291001,29,66971,2370
3,5,73585,923,28,26,1,75,150,0.497069191,291001,13,4684707,2582
22,5,310283,981,28,31,2,100,150,0.497069191,291001,28,977479,2744
13,5,310283,841,24,33,3,55,150,0.497069191,291001,19,284973,2016
3,5,310283,923,24,25,2,88,150,0.497069191,291001,20,4684707,2213
25,8,310283,871,29,26,2,68,150,0.497069191,291001,21,242367,2523
3,5,310283,904,25,27,1,85,150,0.497069191,291001,14,4684707,2258
22,5,310283,965,30,30,3,66,150,0.497069191,291001,17,977479,2892
25,8,310283,900,26,27,2,76,150,0.497069191,291001,25,242367,900
22,5,72465,966,30,25,1,88,150,0.497069191,291001,26,977479,2895
1,8,72401,890,28,40,1,84,150,0.497069191,291001,11,4408916,2490
21,5,72348,905,26,31,2,98,150,0.497069191,291001,18,237854,2351
21,4,72297,914,24,33,3,76,150,0.497069191,291001,24,237854,2192
3,5,72296,902,27,35,1,74,150,0.497069191,291001,22,4684707,13576
22,5,71873,967,31,36,1,100,150,0.497069191,291001,18,977479,2995
16,6,71782,916,27,5,3,100,150,0.497069191,291001,23,24720,2471
3,5,70980,920,24,37,1,82,150,0.497069191,291001,26,4684707,2053
3,5,70859,911,24,40,1,74,150,0.497069191,291001,16,4684707,2184
21,5,70854,905,27,35,3,77,150,0.497069191,291001,15,237854,2441
22,5,70850,972,30,35,3,53,150,0.497069191,291001,20,977479,2913
21,5,70777,889,29,38,2,100,150,0.497069191,291001,19,237854,2576
31,8,70777,828,23,36,1,93,150,0.497069191,291001,24,303118,1902
25,8,70765,884,23,31,1,64,150,0.497069191,291001,24,242367,2031
3,5,70574,916,28,25,3,90,150,0.497069191,291001,28,4684707,2562
3,5,70545,921,26,33,1,63,150,0.497069191,291001,30,4684707,6092
1,8,70383,873,27,26,1,62,150,0.497069191,291001,28,4408916,2355
9,3,70248,930,24,30,1,71,150,0.497069191,291001,12,636502,2230
20,6,69867,875,25,34,1,74,150,0.497069191,291001,25,3104060,2185
33,14,69565,910,28,38,3,89,150,0.497069191,291001,10,167785,2546
5,9,69307,957,26,40,1,93,150,0.497069191,291001,14,6394,2486
28,5,69088,927,25,35,3,74,150,0.497069191,291001,15,126078,2315
27,5,69045,940,28,30,3,62,150,0.497069191,291001,13,66971,2630
22,5,68634,973,30,26,2,74,150,0.497069191,291001,27,977479,2916
18,12,68080,923,29,30,3,81,150,0.497069191,291001,29,421365,2674
25,8,67972,887,29,25,3,81,150,0.497069191,291001,10,242367,2570
20,6,67751,883,23,34,1,66,150,0.497069191,291001,13,3104060,2029
27,5,67414,955,25,27,2,61,150,0.497069191,291001,22,66971,2398
1,8,67391,892,28,26,2,71,150,0.497069191,291001,16,4408916,2495
14,12,67339,922,23,38,1,63,150,0.497069191,291001,11,923737,2119
16,6,67322,891,27,10,1,58,150,0.497069191,291001,14,24720,2403
3,5,67231,906,27,25,1,70,150,0.497069191,291001,23,4684707,2444
1,8,67116,883,27,29,3,51,150,0.497069191,291001,30,4408916,2382
17,21,66963,906,28,15,3,93,150,0.497069191,291001,27,58568,2534
20,6,66907,863,23,28,2,54,150,0.497069191,291001,17,3104060,1983
25,8,66847,887,25,25,2,72,150,0.497069191,291001,23,242367,1103
20,21,66597,880,26,34,1,88,150,0.497069191,291001,28,3104060,2286
28,5,66596,926,25,33,2,86,150,0.497069191,291001,24,126078,2313
9,21,66550,932,28,25,2,89,150,0.497069191,291001,10,636502,2607
27,5,66540,959,27,39,3,99,150,0.497069191,291001,17,66971,2587
28,5,66504,932,27,29,2,67,150,0.497069191,291001,14,126078,2514
14,5,66340,924,28,37,2,91,150,0.497069191,291001,22,923737,2585
24,5,66175,948,29,37,2,79,150,0.497069191,291001,12,1489500,2747
3,5,66000,910,25,36,1,65,150,0.497069191,291001,23,4684707,2273
31,7,65708,843,27,34,2,59,150,0.497069191,291001,21,303118,2274
26,5,65575,862,24,30,3,82,150,0.497069191,291001,19,1475311,2067
3,5,65533,916,24,27,2,61,150,0.497069191,291001,26,4684707,2196
9,21,65335,952,27,30,2,56,150,0.497069191,291001,27,636502,2568
28,5,65314,935,24,30,2,75,150,0.497069191,291001,13,126078,2242
24,5,65306,946,25,26,1,97,150,0.497069191,291001,26,1489500,2363
25,8,65240,899,27,29,3,79,150,0.497069191,291001,11,242367,2425
18,5,65232,930,25,25,2,98,150,0.497069191,291001,21,421365,2323
24,5,65232,957,27,29,1,62,150,0.497069191,291001,13,1489500,3076
28,5,65115,924,29,28,2,54,150,0.497069191,291001,26,126078,2677
21,5,65000,902,23,36,1,85,150,0.497069191,291001,23,237854,2073
3,21,64725,911,23,31,1,65,143,0.435588922,58964,14,4684707,4066
3,5,64125,922,25,33,3,82,105,0.507363139,59123,10,4684707,3506
31,7,63871,842,28,34,2,68,152,0.19366687,53779,23,303118,2355
9,3,63652,934,24,38,1,61,159,0.048153771,59451,11,636502,2240
26,5,63486,855,29,32,3,58,154,0.210722518,54281,27,1475311,2477
16,6,63388,888,24,9,2,89,130,0.096513624,56289,15,24720,2129
14,13,63248,928,24,25,1,72,175,0.698658017,58694,29,923737,2225
13,5,63073,843,26,26,2,67,148,0.329043735,53171,15,284973,2190
20,6,63005,865,24,35,3,80,109,0.938964612,54499,26,3104060,2074
26,5,62699,872,29,31,1,52,156,0.275044602,54674,29,1475311,2526
21,5,62253,913,23,32,3,65,118,0.913942839,56837,24,237854,2098
30,17,62153,907,29,34,1,74,143,0.43898665,56373,13,4684707,2628
31,8,62090,829,29,35,1,79,148,0.237881435,51473,19,303118,2402
3,5,62050,920,26,30,2,62,148,0.165496323,57086,10,4684707,5132
20,14,62039,865,25,39,3,70,110,0.717955585,53664,16,3104060,2160
14,21,61998,914,26,35,3,65,199,0.697652843,56666,12,923737,2374
20,14,61990,886,27,30,2,65,164,0.869022293,54923,13,3104060,2390
1,8,61958,884,29,26,1,52,186,0.794047902,54771,26,4408916,2561
26,5,61949,871,28,26,1,95,199,0.778654102,53958,29,1475311,2436
28,5,61809,926,27,36,1,57,162,0.234731359,57235,11,126078,3151
24,5,61806,949,29,40,1,85,149,0.191965205,58654,22,1489500,2750
16,18,61797,889,29,7,3,95,124,0.086142892,54938,26,24720,2576
24,5,61712,946,27,27,3,75,179,0.658050716,58380,20,1489500,334
1,8,61694,872,28,28,2,87,155,0.94603355,53797,14,4408916,2439
22,5,61632,968,30,37,3,98,188,0.746829105,59660,10,977479,2901
22,5,61632,967,32,30,3,53,167,0.900663224,59598,13,977479,3092
20,14,61444,872,27,28,2,65,197,0.216427325,53579,11,3104060,2352
9,19,61262,934,29,26,3,74,106,0.391089908,57219,13,636502,2706
3,5,61133,914,25,32,1,83,138,0.134305617,55876,29,4684707,2283
1,8,61012,890,28,37,1,53,145,0.251915873,54301,22,4408916,2490
28,5,310283,938,25,30,3,84,187,0.384865364,57170,28,126078,1634
21,5,310283,896,26,33,1,55,169,0.711058208,54320,25,237854,2327
27,5,310283,942,24,33,1,63,124,0.106190388,57076,10,66971,2259
18,21,310283,911,28,35,1,76,178,0.841243786,55154,26,421365,2548
21,4,310283,919,25,34,3,70,154,0.516791006,55373,23,237854,2295
22,5,310283,959,30,38,3,65,115,0.984891145,57694,25,977479,2874
27,5,310283,943,25,35,2,95,139,0.465529344,56580,23,66971,2355
16,6,310283,913,25,11,1,63,177,0.031631892,54610,29,24720,2280
21,5,59725,874,28,26,3,54,107,0.764981633,52200,19,237854,2445
18,5,59654,923,24,29,2,85,197,0.801880843,55061,21,421365,2213
9,3,59543,921,26,27,2,86,176,0.31019972,54839,19,636502,2392
3,5,59523,903,24,34,1,66,109,0.726007206,53749,26,4684707,2165
21,5,59272,898,28,38,1,57,133,0.795494465,53226,29,237854,2512
27,11,58884,955,25,37,3,91,188,0.737534955,56234,30,66971,2385
1,8,58840,874,24,38,2,77,172,0.264726834,51426,22,4408916,2096
13,5,58775,845,29,40,3,72,123,0.874730694,49665,30,284973,2448
21,5,58770,920,23,35,2,52,159,0.756297091,54068,14,237854,2114
21,5,58590,926,24,35,3,73,194,0.108702581,54254,24,237854,2220
16,6,58559,901,25,8,2,94,159,0.022317482,52762,10,24720,2250
13,5,58528,863,24,36,3,93,162,0.958529442,50510,10,284973,2069
21,5,58462,907,25,27,3,96,125,0.280087579,53025,14,237854,2265
18,21,58342,922,24,31,1,57,165,0.575362358,53791,26,421365,2211
3,5,58301,901,24,29,1,83,116,0.098423012,52529,19,4684707,4816
13,21,58194,847,23,40,3,89,188,0.083519829,49290,21,284973,1946
20,6,58184,884,27,27,2,64,174,0.40677465,51435,10,3104060,2384
26,5,58119,859,23,37,1,59,144,0.105810638,49924,12,1475311,1974
18,21,57818,924,29,28,1,74,126,0.617464754,53424,20,421365,2677
27,5,57759,961,23,34,3,64,148,0.646896802,55506,12,66971,2208
1,8,57698,887,28,40,2,65,134,0.734080511,51178,26,4408916,2481
21,5,57640,918,28,25,2,99,114,0.549031032,52914,22,237854,2568
28,5,57583,923,29,28,3,85,128,0.746332683,53149,30,126078,2674
5,5,57537,956,23,32,2,68,186,0.955974052,55005,16,6394,2197
21,5,57246,891,26,28,2,82,161,0.037570063,51006,24,237854,2314
28,5,57113,932,24,30,2,53,110,0.944622739,53229,20,126078,4023
13,5,57108,871,29,29,3,70,135,0.686089081,49741,26,284973,2523
19,15,57011,969,25,8,3,74,171,0.690956596,55244,21,798,2420
16,6,56854,900,23,11,2,72,127,0.761793799,51169,11,24720,2068
22,5,56823,974,29,28,1,93,124,0.676537862,55346,30,977479,2822
21,5,56819,894,23,34,3,81,107,0.27130672,50796,29,237854,2054
14,5,56615,924,23,25,3,55,185,0.358316826,52312,18,923737,2123
1,8,56435,872,25,27,1,85,152,0.672746415,49211,16,4408916,2178
1,8,56380,881,26,31,1,68,142,0.475355277,49671,22,4408916,2288
13,21,56320,864,25,39,2,95,116,0.15031884,48660,19,284973,2158
25,21,56251,886,28,27,2,90,168,0.00981844,49838,21,242367,2478
24,5,56175,955,29,32,1,98,118,0.968341667,53647,28,1489500,2767
3,5,56074,913,24,39,2,59,174,0.644200039,51196,26,4684707,27416
11,14,56044,851,28,13,3,98,159,0.615071246,47693,20,105882,528
20,6,55950,873,23,26,1,76,127,0.517714775,48844,25,3104060,2006
27,5,55925,939,25,38,2,90,149,0.67711028,52514,20,66971,2345
28,5,55841,928,25,30,3,65,186,0.682022924,51820,21,126078,2318
13,5,55821,845,28,27,3,98,101,0.866782171,47169,26,284973,2364
26,5,55687,870,27,30,1,92,199,0.507690425,48448,22,1475311,2347
4,5,55626,1023,23,40,1,89,133,0.89280862,291001,42,106153,2351
22,5,55374,965,29,37,3,53,184,0.337505727,53436,24,977479,2796
3,5,55346,916,29,40,3,71,181,0.514405026,50697,18,4684707,2654
25,8,55225,880,25,31,1,76,172,0.848000602,48598,28,242367,2198
9,3,55194,939,24,32,2,71,198,0.25525858,51827,13,636502,2252
3,5,55145,904,23,29,3,82,177,0.604340946,49851,16,4684707,3004
11,14,54787,833,28,12,2,97,158,0.434889363,45638,24,105882,2330
18,5,54331,927,25,33,3,79,195,0.129808404,50365,17,421365,2315
22,5,54172,976,29,25,3,92,118,0.194763069,52872,26,977479,2828
13,5,54135,842,26,32,3,78,129,0.567413181,45582,30,284973,2187
21,5,54125,928,26,25,3,68,138,0.588720191,50228,19,237854,2411
14,5,54085,900,25,27,3,52,121,0.755066336,48677,28,923737,2248
22,5,54071,968,29,40,1,92,101,0.917571498,52341,11,977479,2805
1,8,53971,876,23,30,2,99,115,0.216130141,47279,22,4408916,2013
16,6,53854,899,29,10,2,62,163,0.043736493,48415,30,24720,2605
31,7,53811,832,26,27,2,76,173,0.624482408,44771,29,303118,2161
22,5,53792,963,31,26,3,77,182,0.085783353,51802,18,977479,2983
14,11,53618,902,28,27,3,79,165,0.68714453,48363,17,923737,2523
21,5,53602,909,28,27,2,99,188,0.310086639,48724,18,237854,2543
21,5,53530,906,26,31,2,88,121,0.018629651,47213,19,237854,2203
16,6,53430,906,26,31,2,62,121,0.408910954,48408,10,24720,2172
21,5,53425,875,29,38,2,91,185,0.794995135,46747,17,237854,2535
26,5,53392,849,29,36,2,50,194,0.894732467,45330,27,1475311,2460
28,5,53339,928,29,31,1,60,185,0.369702304,49499,25,126078,2689
21,5,53231,874,26,38,3,67,188,0.760845943,46524,30,237854,2270
25,2,53199,885,29,39,2,67,150,0.704052029,47081,22,242367,2564
28,5,53143,927,29,27,3,67,147,0.715420848,49264,13,126078,891
11,14,52971,833,24,15,2,95,157,0.177672701,44125,19,105882,1997
22,5,52883,973,29,26,3,85,116,0.028460162,51455,27,977479,2819
20,6,52880,883,25,25,1,57,186,0.496717003,46693,20,3104060,2205
1,8,52677,871,23,40,2,82,199,0.593731977,45882,20,4408916,2001
1,8,52423,872,23,26,1,66,166,0.122788059,45713,30,4408916,2004
28,5,52394,925,25,26,2,77,187,0.950781626,48464,30,126078,2310
21,5,52110,909,25,34,3,93,134,0.309234219,47368,15,237854,2270
18,21,52057,913,28,29,3,57,108,0.613013303,47528,27,421365,2554
22,5,52045,972,29,25,2,63,143,0.251821984,50588,10,977479,2816
17,8,51991,908,26,8,2,66,193,0.269989984,47208,29,58568,2359
13,5,51944,867,27,33,2,81,148,0.918844915,45035,11,284973,2339
14,12,51849,910,25,39,2,79,106,0.440229612,47183,12,923737,2273
21,5,51708,887,25,37,2,79,100,0.548848711,45865,17,237854,2215
20,14,51670,882,26,34,1,90,110,0.497069191,291001,42,1457945,2291
26,21,51640,870,26,26,3,91,124,0.340973762,44927,13,1475311,2260
21,5,51404,896,25,37,1,58,105,0.601696511,46058,19,237854,2238
9,19,51336,923,25,32,3,63,177,0.20587987,47383,27,636502,2305
1,4,51297,870,28,37,2,90,123,0.48453468,44628,11,4408916,2434
3,5,51194,921,24,39,3,86,156,0.958540204,47150,24,4684707,2208
13,5,51147,855,27,26,2,52,136,0.277845017,43731,14,284973,2306
26,5,51000,872,26,36,2,78,200,0.894936832,44472,28,1475311,2265
26,2,50804,876,26,26,1,65,171,0.296568956,44504,21,1475311,2275
1,8,50800,873,28,29,3,98,115,0.494838939,44348,29,4408916,2442
24,5,50613,953,25,37,3,58,153,0.069665037,48234,28,1489500,2380
9,19,50598,936,25,29,2,55,105,0.078071226,47360,29,636502,2338
11,14,50523,851,29,10,3,61,154,0.806658963,42995,16,105882,2465
14,5,50475,930,25,28,1,90,168,0.85562404,46942,25,923737,2323
20,14,50423,868,29,26,3,50,132,0.255181351,43767,13,3104060,2515
14,12,50179,906,26,28,1,80,101,0.28555061,45462,12,923737,2353
9,19,50131,940,27,28,2,82,192,0.346714704,47123,25,636502,2536
21,5,50103,906,29,25,2,57,133,0.318888338,45393,10,237854,2625
9,19,50088,924,24,40,1,76,133,0.186556706,46281,24,636502,2216
28,4,50087,923,28,28,2,90,194,0.274420279,46230,23,126078,2582
14,12,50080,923,28,25,3,83,171,0.083325814,46224,29,923737,2582
31,14,49985,821,26,39,3,85,191,0.593236668,41038,29,303118,2132
33,5,49985,905,26,31,2,70,104,0.430781271,45236,13,167785,2351
21,12,49899,924,25,39,1,71,151,0.765704446,46107,28,237854,2308
26,5,49835,850,28,30,1,82,170,0.497069191,291001,20,1475311,2378
1,8,49826,886,28,25,1,65,102,0.624740622,44146,23,4408916,2478
25,8,49825,872,26,40,1,65,142,0.806127943,43447,23,242367,2265
28,5,49764,919,28,25,3,85,106,0.123259734,45733,10,126078,2571
21,5,49714,892,29,33,3,72,174,0.914351998,44345,22,237854,2584
1,8,49696,886,27,37,2,71,153,0.059035819,44031,16,4408916,2390
22,5,49525,968,29,34,3,69,132,0.879425171,47940,23,977479,2805
14,13,49507,923,25,35,2,64,118,0.641151035,45695,11,923737,2305
13,5,49308,861,27,30,3,53,106,0.295148097,42454,28,284973,2322
21,5,49221,888,26,30,3,94,167,0.236419289,43708,21,237854,2307
18,5,49173,923,24,29,2,59,181,0.622218169,45387,29,421365,2213
25,8,49159,893,23,33,3,92,180,0.020325433,43899,17,242367,2052
14,12,49069,907,28,30,3,58,138,0.788243345,44506,10,923737,2537
18,5,48941,928,23,26,2,91,157,0.116238831,45417,23,421365,2132
27,5,48911,952,27,31,3,83,105,0.101491167,46563,23,66971,2568
20,6,48899,866,24,30,3,96,125,0.527589944,42347,12,3104060,2076
21,4,48658,930,28,40,3,96,176,0.597466675,45252,27,237854,2602
21,5,48354,891,29,39,1,54,194,0.182587426,43083,20,237854,2581
20,14,48337,882,23,37,2,66,128,0.490544094,42633,12,3104060,2027
20,6,48314,882,27,25,3,73,105,0.552334037,42613,11,3104060,2379
1,8,48289,876,25,34,3,61,104,0.757901428,42301,13,4408916,2188
33,4,48141,900,27,40,2,51,132,0.675552545,43327,15,167785,2428
9,19,48070,927,24,26,1,75,156,0.942870354,44561,26,636502,2223
25,2,47845,868,24,30,2,92,165,0.513373935,41529,15,242367,2081
20,14,47834,883,23,38,2,80,165,0.161089815,42237,24,3104060,2029
22,5,47685,969,29,40,2,95,187,0.976226009,46207,29,977479,2808
21,5,47638,912,29,30,3,65,191,0.481219213,43446,27,237854,2642
33,11,47584,893,27,29,2,57,189,0.544042185,42493,28,167785,2409
20,21,47575,867,26,33,2,79,116,0.251640073,41248,29,3104060,2252
1,8,47458,876,28,34,1,90,121,0.828740214,41573,13,4408916,2450
33,5,47326,906,26,36,3,88,116,0.495275766,42877,10,167785,2353
27,5,47294,949,24,31,3,59,153,0.608765386,44882,12,66971,2276
3,5,47241,901,27,39,3,92,129,0.612441576,42564,25,4684707,2430
22,5,47235,979,28,40,3,52,185,0.299304894,46243,20,977479,2739
27,5,47006,947,26,33,1,70,143,0.628830237,44515,23,66971,2460
13,5,46960,845,27,26,2,94,134,0.894614269,39681,13,284973,2279
3,5,46678,919,25,32,1,64,170,0.202944954,42897,12,4684707,2295
25,8,46592,869,26,27,2,90,128,0.65256477,40488,20,242367,2257
1,8,46532,893,26,31,2,96,134,0.700051375,41553,26,4408916,2230
22,4,46366,973,28,25,1,53,125,0.397136362,45114,22,977479,2722
3,5,46330,921,28,31,3,73,176,0.740966362,42670,15,4684707,2576
11,6,46205,839,24,5,1,89,193,0.578552924,38766,26,105882,2012
21,12,46069,890,28,25,2,100,175,0.611223515,41001,18,237854,2490
25,8,46024,899,26,35,3,97,117,0.862007849,41376,26,242367,2335
6,8,45947,979,25,15,1,76,194,0.617680449,44982,21,3260,2445
21,5,45858,906,23,28,3,93,175,0.748041928,41547,10,237854,2082
9,19,45858,938,23,32,3,52,170,0.17004477,43015,16,636502,2155
22,5,45827,960,30,32,2,61,189,0.213464878,43994,30,977479,2877
28,4,45675,922,27,38,3,69,174,0.095522145,42112,22,126078,2487
21,5,45520,909,23,38,3,88,177,0.08925847,41378,30,237854,2089
33,12,45508,909,23,40,2,99,150,0.402740007,41367,30,167785,2089
1,8,45333,876,29,35,1,70,115,0.724296425,39712,17,4408916,2538
14,5,45031,908,27,28,2,62,157,0.961622366,40888,20,923737,2449
1,8,44869,873,25,30,2,66,151,0.238068187,39171,20,4408916,2180
26,21,44868,855,27,34,2,99,110,0.295191999,38362,22,1475311,2306
3,5,44781,917,27,37,1,81,129,0.55890329,41064,17,4684707,2474
25,21,44665,881,25,29,3,87,145,0.788265337,39350,26,242367,2200
22,5,44612,971,30,30,1,60,175,0.533865433,43318,11,977479,2910
24,5,44601,946,29,26,3,83,178,0.21164818,42193,21,1489500,2741
27,5,44390,950,24,29,1,94,113,0.887143701,42171,27,66971,2278
20,6,44383,875,27,32,2,93,102,0.787345119,38835,15,3104060,2360
5,5,44363,973,25,29,3,74,140,0.824264781,43165,23,6394,2430
21,12,44314,882,29,30,2,95,105,0.990019402,39085,10,237854,2555
22,5,44313,965,30,39,1,55,181,0.165307014,42762,24,977479,2892
20,14,44255,878,25,32,2,79,163,0.211555983,38856,12,3104060,2193
3,20,44098,906,28,32,3,80,122,0.025790223,39953,30,4684707,2534
9,19,44033,954,25,30,1,77,149,0.961020889,42007,29,636502,2383
1,8,44029,873,26,37,2,56,165,0.747074049,38437,28,4408916,2268
13,5,43881,858,25,26,3,75,168,0.204682613,37650,16,284973,2143
1,8,43867,869,28,39,3,50,118,0.213918405,38120,11,4408916,2431
21,5,43809,929,24,30,3,65,195,0.796102745,40699,17,237854,2228
9,19,43622,953,24,30,2,99,109,0.658381814,41572,28,636502,2285
27,5,43594,952,23,26,3,61,170,0.950256678,41501,11,66971,2188
14,5,43113,919,27,35,1,59,139,0.008755665,39621,19,923737,2479
27,5,43097,942,25,31,3,73,128,0.75084128,40597,21,66971,2353
24,5,42998,959,26,27,1,91,199,0.65125961,41235,26,1489500,579
9,20,42919,921,23,35,2,80,178,0.751123997,39528,20,636502,2116
1,8,42822,885,27,35,1,57,105,0.967724344,37897,28,4408916,2387
13,5,42769,865,26,39,3,98,166,0.365208567,36995,10,284973,2247
16,6,42649,896,29,8,3,55,186,0.158530176,38214,17,24720,2596
21,5,42539,930,23,27,3,54,157,0.507003555,39561,24,237854,2137
9,19,42461,923,27,31,2,71,172,0.026749057,39192,21,636502,2490
18,5,42461,921,28,35,2,70,100,0.962508237,39107,26,421365,2576
13,5,42355,856,24,31,2,54,169,0.219438567,36256,11,284973,2052
13,5,42351,860,28,40,2,71,197,0.742232436,36422,28,284973,2406
18,5,42179,930,25,40,3,87,154,0.785924604,39226,21,421365,2323
1,8,42167,893,26,29,2,99,142,0.756911798,37655,18,4408916,2320
22,5,42029,966,30,37,1,51,108,0.82166313,40600,29,977479,2895
26,5,42016,854,28,28,2,86,153,0.409254076,35882,10,1475311,2389
3,5,42012,911,28,25,3,91,160,0.944316298,38273,29,4684707,2548
16,6,41989,882,28,9,1,69,186,0.446131049,37034,20,24720,2467
11,14,41965,853,26,5,2,79,133,0.535216793,35796,10,105882,2216
14,6,41958,901,27,25,2,61,165,0.275660854,37804,26,923737,2430
28,12,41945,919,24,34,1,76,198,0.218067838,38547,11,126078,2204
14,14,41877,907,24,28,3,66,163,0.038863212,37982,28,923737,2175
28,12,41752,922,29,25,1,59,171,0.196164259,38495,26,126078,2671
14,5,41610,907,27,36,2,91,131,0.628509937,37740,23,923737,2447
17,11,41552,890,23,11,1,71,126,0.999773715,36981,30,58568,2045
3,20,41499,915,23,38,1,56,173,0.794460006,37972,26,4684707,2103
11,14,41377,850,29,12,1,61,120,0.749081758,35170,20,105882,3695
21,5,41370,896,28,32,3,62,149,0.852011362,37068,21,237854,2506
1,8,41296,889,27,33,1,79,145,0.69584184,36712,14,4408916,2398
25,8,310283,882,23,31,3,96,150,0.497069191,36314,21,242367,2027
9,19,310283,929,25,28,2,96,150,0.497069191,38180,30,636502,2320
17,6,310283,911,24,12,3,96,150,0.497069191,37339,13,58568,2184
18,5,310283,929,24,25,2,96,150,0.497069191,38025,10,421365,2228
1,4,310283,893,29,38,1,96,150,0.497069191,36509,10,4408916,2587
27,5,310283,961,29,40,2,90,179,0.282632083,39248,15,66971,2784
22,5,310283,971,31,37,3,89,140,0.529044518,39547,12,977479,3007
26,21,310283,861,24,40,2,63,117,0.304175121,34948,13,1475311,2064
18,5,40580,922,27,35,3,56,164,0.289417829,37415,18,421365,2487
5,5,40561,970,29,37,2,61,130,0.920207179,39344,17,6394,2810
7,8,40487,969,29,31,1,82,126,0.152645746,39232,10,541480,2808
3,5,40359,912,26,29,3,63,139,0.831647153,36807,29,4684707,2369
26,5,40252,875,29,37,1,66,116,0.850059769,35221,28,1475311,2535
3,21,40220,901,28,28,2,87,176,0.407371398,36238,20,4684707,2520
1,8,39851,883,23,26,3,88,164,0.565375183,35188,11,4408916,2029
13,5,39789,863,24,36,1,88,108,0.621894044,34338,12,284973,2069
21,5,39667,878,26,38,1,90,188,0.930756202,34828,16,237854,2281
3,20,39514,913,26,31,1,69,168,0.452104746,36076,29,4684707,2372
20,14,39241,862,27,28,1,72,157,0.993439778,33826,21,3104060,2325
13,21,39205,864,23,37,1,54,158,0.569810747,33873,14,284973,1985
20,6,38999,866,25,25,2,59,102,0.239175326,33773,29,3104060,2163
9,19,38907,929,25,40,3,61,192,0.519548065,36145,24,636502,2320
26,5,38883,848,27,38,1,82,156,0.040447348,32973,26,1475311,2287
20,14,38806,886,26,35,1,50,102,0.403028536,34382,14,3104060,2301
22,5,38652,963,30,29,2,89,199,0.348456524,37222,11,977479,2886
14,6,38554,905,29,29,1,66,145,0.701767644,34891,12,923737,2622
1,8,38554,869,28,27,3,100,158,0.735418685,33503,24,4408916,2431
27,5,38421,940,24,32,3,89,167,0.276284886,36116,11,66971,2254
24,5,38263,960,27,39,3,53,117,0.915599256,36732,26,1489500,2590
9,19,38155,923,24,38,2,87,112,0.831627865,35217,12,636502,2213
22,5,38009,963,28,35,2,55,134,0.194197024,36603,21,977479,2694
9,19,37988,925,26,32,2,63,115,0.752732573,35139,26,636502,2403
3,20,37968,917,24,37,3,94,127,0.469445238,34817,16,4684707,2199
9,3,37947,926,29,26,2,94,198,0.357719215,35139,20,636502,2683
1,8,37945,892,29,35,1,90,177,0.389510666,33847,11,4408916,2584
20,6,37938,874,26,27,1,73,149,0.106637455,33158,28,3104060,2270
18,5,37870,914,29,32,3,79,173,0.998756995,34613,25,421365,2648
21,5,37802,905,24,27,1,66,164,0.787915234,34211,27,237854,2170
3,5,37802,907,29,26,3,92,119,0.395261083,34286,13,4684707,2628
1,8,37715,893,23,31,3,77,182,0.969394431,33679,10,4408916,2052
22,4,37699,967,31,25,3,100,138,0.177049548,36455,18,977479,2995
3,20,37631,920,26,31,3,70,154,0.848290911,34621,29,4684707,2390
9,19,37613,921,24,37,3,95,144,0.858662985,34642,15,636502,2208
27,5,37527,947,28,39,2,76,144,0.28833669,35538,18,66971,2649
32,18,37447,931,29,15,3,91,144,0.141676863,34863,13,2769,2697
21,5,37420,905,28,33,2,66,173,0.999185528,33865,30,237854,2532
14,5,37370,913,28,29,3,54,194,0.018441979,34119,25,923737,2554
22,5,37346,976,31,37,3,75,134,0.646359902,36450,16,977479,3023
31,7,37289,829,24,33,2,77,171,0.789984364,30913,28,303118,1988
20,6,37233,886,28,35,2,66,195,0.378812014,32988,12,3104060,2478
9,19,37232,931,24,34,2,78,134,0.382265197,34663,19,636502,2232
14,11,37000,919,29,36,1,54,168,0.289709096,34003,19,923737,2663
25,8,36973,873,26,31,1,61,171,0.265889583,32277,14,242367,2268
13,5,36954,846,23,28,2,68,103,0.03528047,31263,19,284973,1944
24,5,36947,945,23,36,2,62,136,0.056393596,34915,22,1489500,2172
4,5,36828,1019,28,28,3,98,138,0.06675218,37528,27,106153,2851
16,6,36805,900,24,6,2,63,145,0.627555634,33125,15,24720,2158
20,6,36776,889,25,37,3,51,181,0.313383263,32694,30,3104060,2220
